"Country","CountryCode","Date","NewConfirmed","NewDeaths","NewRecovered","Premium","Slug","TotalConfirmed","TotalDeaths","TotalRecovered"
"Afghanistan","AF","2020-09-28T02:55:45Z",6,2,16,"-","afghanistan",39192,1453,32635
"Albania","AL","2020-09-28T02:55:45Z",108,2,88,"-","albania",13153,375,7397
"Algeria","DZ","2020-09-28T02:55:45Z",160,4,102,"-","algeria",50914,1711,35756
"Andorra","AD","2020-09-28T02:55:45Z",0,0,0,"-","andorra",1836,53,1263
"Angola","AO","2020-09-28T02:55:45Z",82,4,85,"-","angola",4672,171,1639
"Antigua and Barbuda","AG","2020-09-28T02:55:45Z",0,0,0,"-","antigua-and-barbuda",98,3,92
"Argentina","AR","2020-09-28T02:55:45Z",11249,335,9565,"-","argentina",702484,15543,556489
"Armenia","AM","2020-09-28T02:55:45Z",429,1,175,"-","armenia",49072,948,43576
"Australia","AU","2020-09-28T02:55:45Z",24,2,50,"-","australia",27040,872,24571
"Austria","AT","2020-09-28T02:55:45Z",714,1,853,"-","austria",42214,787,33154
"Azerbaijan","AZ","2020-09-28T02:55:45Z",108,2,131,"-","azerbaijan",39895,585,37523
"Bahamas","BS","2020-09-28T02:55:45Z",0,0,0,"-","bahamas",3790,89,1999
"Bahrain","BH","2020-09-28T02:55:45Z",585,3,777,"-","bahrain",68775,239,62252
"Bangladesh","BD","2020-09-28T02:55:45Z",1106,36,1753,"-","bangladesh",357873,5129,268777
"Barbados","BB","2020-09-28T02:55:45Z",0,0,3,"-","barbados",190,7,178
"Belarus","BY","2020-09-28T02:55:45Z",332,6,121,"-","belarus",77289,813,74046
"Belgium","BE","2020-09-28T02:55:45Z",1827,5,62,"-","belgium",112803,9974,19246
"Belize","BZ","2020-09-28T02:55:45Z",17,1,31,"-","belize",1825,24,1165
"Benin","BJ","2020-09-28T02:55:45Z",0,0,0,"-","benin",2325,40,1960
"Bhutan","BT","2020-09-28T02:55:45Z",8,0,6,"-","bhutan",271,0,205
"Bolivia","BO","2020-09-28T02:55:45Z",370,28,538,"-","bolivia",133592,7828,93406
"Bosnia and Herzegovina","BA","2020-09-28T02:55:45Z",233,12,239,"-","bosnia-and-herzegovina",26797,820,19746
"Botswana","BW","2020-09-28T02:55:45Z",0,0,0,"-","botswana",2921,16,701
"Brazil","BR","2020-09-28T02:55:45Z",28378,869,24817,"-","brazil",4717991,141406,4153307
"Brunei Darussalam","BN","2020-09-28T02:55:45Z",0,0,0,"-","brunei",146,3,142
"Bulgaria","BG","2020-09-28T02:55:45Z",169,0,28,"-","bulgaria",19997,789,14160
"Burkina Faso","BF","2020-09-28T02:55:45Z",11,0,1,"-","burkina-faso",1973,56,1264
"Burundi","BI","2020-09-28T02:55:45Z",2,0,10,"-","burundi",485,1,472
"Cambodia","KH","2020-09-28T02:55:45Z",1,0,0,"-","cambodia",276,0,274
"Cameroon","CM","2020-09-28T02:55:45Z",23,0,0,"-","cameroon",20735,418,19440
"Canada","CA","2020-09-28T02:55:45Z",1053,7,544,"-","canada",153757,9312,132253
"Cape Verde","CV","2020-09-28T02:55:45Z",73,1,36,"-","cape-verde",5701,56,5018
"Central African Republic","CF","2020-09-28T02:55:45Z",0,0,0,"-","central-african-republic",4806,62,1840
"Chad","TD","2020-09-28T02:55:45Z",2,0,1,"-","chad",1177,83,1005
"Chile","CL","2020-09-28T02:55:45Z",2111,64,1679,"-","chile",455979,12591,430259
"China","CN","2020-09-28T02:55:45Z",15,0,17,"-","china",90456,4739,85360
"Colombia","CO","2020-09-28T02:55:45Z",7721,193,12635,"-","colombia",806038,25296,700112
"Comoros","KM","2020-09-28T02:55:45Z",4,0,5,"-","comoros",478,7,458
"Congo (Brazzaville)","CG","2020-09-28T02:55:45Z",0,0,0,"-","congo-brazzaville",5005,89,3887
"Congo (Kinshasa)","CD","2020-09-28T02:55:45Z",15,0,23,"-","congo-kinshasa",10593,271,10093
"Costa Rica","CR","2020-09-28T02:55:45Z",1233,16,737,"-","costa-rica",72049,828,27760
"Croatia","HR","2020-09-28T02:55:45Z",212,3,102,"-","croatia",16007,269,14405
"Cuba","CU","2020-09-28T02:55:45Z",62,2,74,"-","cuba",5412,120,4732
"Cyprus","CY","2020-09-28T02:55:45Z",13,0,0,"-","cyprus",1684,22,1369
"Czech Republic","CZ","2020-09-28T02:55:45Z",1976,10,196,"-","czech-republic",63294,591,30936
"Côte d'Ivoire","CI","2020-09-28T02:55:45Z",44,0,57,"-","cote-divoire",19600,120,19122
"Denmark","DK","2020-09-28T02:55:45Z",621,1,340,"-","denmark",26687,648,19781
"Djibouti","DJ","2020-09-28T02:55:45Z",0,0,0,"-","djibouti",5409,61,5340
"Dominica","DM","2020-09-28T02:55:45Z",0,0,0,"-","dominica",24,0,18
"Dominican Republic","DO","2020-09-28T02:55:45Z",360,6,610,"-","dominican-republic",110957,2093,85220
"Ecuador","EC","2020-09-28T02:55:45Z",1506,37,0,"-","ecuador",133981,11273,102852
"Egypt","EG","2020-09-28T02:55:45Z",111,16,843,"-","egypt",102736,5869,94374
"El Salvador","SV","2020-09-28T02:55:45Z",0,0,0,"-","el-salvador",28415,826,22643
"Equatorial Guinea","GQ","2020-09-28T02:55:45Z",10,0,210,"-","equatorial-guinea",5028,83,4740
"Eritrea","ER","2020-09-28T02:55:45Z",6,0,11,"-","eritrea",375,0,341
"Estonia","EE","2020-09-28T02:55:45Z",47,0,82,"-","estonia",3165,64,2499
"Ethiopia","ET","2020-09-28T02:55:45Z",527,10,166,"-","ethiopia",72700,1165,30029
"Fiji","FJ","2020-09-28T02:55:45Z",0,0,0,"-","fiji",32,2,28
"Finland","FI","2020-09-28T02:55:45Z",93,0,0,"-","finland",9577,343,7850
"France","FR","2020-09-28T02:55:45Z",33,0,28,"-","france",552454,31675,96937
"Gabon","GA","2020-09-28T02:55:45Z",0,0,0,"-","gabon",8728,54,7934
"Gambia","GM","2020-09-28T02:55:45Z",0,0,0,"-","gambia",3555,110,2034
"Georgia","GE","2020-09-28T02:55:45Z",296,1,60,"-","georgia",4960,28,1819
"Germany","DE","2020-09-28T02:55:45Z",1314,8,940,"-","germany",285026,9459,250104
"Ghana","GH","2020-09-28T02:55:45Z",0,0,0,"-","ghana",46222,299,45417
"Greece","GR","2020-09-28T02:55:45Z",315,7,0,"-","greece",17228,376,1347
"Grenada","GD","2020-09-28T02:55:45Z",0,0,0,"-","grenada",24,0,24
"Guatemala","GT","2020-09-28T02:55:45Z",824,27,534,"-","guatemala",89702,3213,78284
"Guinea","GN","2020-09-28T02:55:45Z",34,0,20,"-","guinea",10512,65,9836
"Guinea-Bissau","GW","2020-09-28T02:55:45Z",0,0,0,"-","guinea-bissau",2324,39,1549
"Guyana","GY","2020-09-28T02:55:45Z",16,1,45,"-","guyana",2725,74,1535
"Haiti","HT","2020-09-28T02:55:45Z",39,0,0,"-","haiti",8723,227,6551
"Holy See (Vatican City State)","VA","2020-09-28T02:55:45Z",0,0,0,"-","holy-see-vatican-city-state",12,0,12
"Honduras","HN","2020-09-28T02:55:45Z",708,17,360,"-","honduras",74548,2288,26088
"Hungary","HU","2020-09-28T02:55:45Z",950,12,154,"-","hungary",23077,730,5099
"Iceland","IS","2020-09-28T02:55:45Z",40,0,5,"-","iceland",2601,10,2156
"India","IN","2020-09-28T02:55:45Z",88600,1124,92043,"-","india",5992532,94503,4941627
"Indonesia","ID","2020-09-28T02:55:45Z",4494,90,3207,"-","indonesia",271339,10308,199403
"Iran, Islamic Republic of","IR","2020-09-28T02:55:45Z",3204,172,2209,"-","iran",443086,25394,372051
"Iraq","IQ","2020-09-28T02:55:45Z",4270,68,3652,"-","iraq",345969,8935,276918
"Ireland","IE","2020-09-28T02:55:45Z",245,5,0,"-","ireland",34560,1802,23364
"Israel","IL","2020-09-28T02:55:45Z",9201,29,3963,"-","israel",227100,1441,157537
"Italy","IT","2020-09-28T02:55:45Z",1869,17,977,"-","italy",308104,35818,223693
"Jamaica","JM","2020-09-28T02:55:45Z",131,8,128,"-","jamaica",5854,88,1624
"Japan","JP","2020-09-28T02:55:45Z",649,3,661,"-","japan",81703,1547,73677
"Jordan","JO","2020-09-28T02:55:45Z",850,4,96,"-","jordan",8061,43,4131
"Kazakhstan","KZ","2020-09-28T02:55:45Z",64,0,136,"-","kazakhstan",107723,1699,102666
"Kenya","KE","2020-09-28T02:55:45Z",164,7,77,"-","kenya",37871,689,24581
"Korea (South)","KR","2020-09-28T02:55:45Z",95,2,82,"-","korea-south",23611,401,21248
"Kuwait","KW","2020-09-28T02:55:45Z",758,2,649,"-","kuwait",103199,597,94211
"Kyrgyzstan","KG","2020-09-28T02:55:45Z",158,0,155,"-","kyrgyzstan",46090,1063,42302
"Lao PDR","LA","2020-09-28T02:55:45Z",0,0,0,"-","lao-pdr",23,0,22
"Latvia","LV","2020-09-28T02:55:45Z",29,0,22,"-","latvia",1654,36,1304
"Lebanon","LB","2020-09-28T02:55:45Z",1280,7,656,"-","lebanon",35242,340,15434
"Lesotho","LS","2020-09-28T02:55:45Z",0,0,0,"-","lesotho",1558,35,797
"Liberia","LR","2020-09-28T02:55:45Z",0,0,0,"-","liberia",1338,82,1221
"Libya","LY","2020-09-28T02:55:45Z",538,8,324,"-","libya",31828,499,17832
"Liechtenstein","LI","2020-09-28T02:55:45Z",0,0,0,"-","liechtenstein",117,1,110
"Lithuania","LT","2020-09-28T02:55:45Z",111,0,21,"-","lithuania",4295,89,2319
"Luxembourg","LU","2020-09-28T02:55:45Z",0,0,0,"-","luxembourg",8233,124,6976
"Macao, SAR China","MO","2020-09-28T02:55:45Z",0,0,0,"-","macao-sar-china",0,0,0
"Macedonia, Republic of","MK","2020-09-28T02:55:45Z",140,1,94,"-","macedonia",17483,722,14516
"Madagascar","MG","2020-09-28T02:55:45Z",36,1,55,"-","madagascar",16257,229,14922
"Malawi","MW","2020-09-28T02:55:45Z",2,0,7,"-","malawi",5766,179,4185
"Malaysia","MY","2020-09-28T02:55:45Z",82,0,89,"-","malaysia",10769,133,9785
"Maldives","MV","2020-09-28T02:55:45Z",31,0,81,"-","maldives",10045,34,8754
"Mali","ML","2020-09-28T02:55:45Z",16,0,8,"-","mali",3080,130,2410
"Malta","MT","2020-09-28T02:55:45Z",29,2,43,"-","malta",2958,31,2304
"Mauritania","MR","2020-09-28T02:55:45Z",5,0,0,"-","mauritania",7462,161,7070
"Mauritius","MU","2020-09-28T02:55:45Z",0,0,0,"-","mauritius",367,10,343
"Mexico","MX","2020-09-28T02:55:45Z",5573,399,3320,"-","mexico",726431,76243,612361
"Moldova","MD","2020-09-28T02:55:45Z",868,15,417,"-","moldova",50534,1279,37440
"Monaco","MC","2020-09-28T02:55:45Z",2,0,2,"-","monaco",210,2,169
"Mongolia","MN","2020-09-28T02:55:45Z",0,0,0,"-","mongolia",313,0,303
"Montenegro","ME","2020-09-28T02:55:45Z",235,3,191,"-","montenegro",10197,158,6368
"Morocco","MA","2020-09-28T02:55:45Z",2719,43,2218,"-","morocco",115241,2041,94150
"Mozambique","MZ","2020-09-28T02:55:45Z",168,1,120,"-","mozambique",7757,54,4769
"Myanmar","MM","2020-09-28T02:55:45Z",879,24,300,"-","myanmar",9991,198,2681
"Namibia","NA","2020-09-28T02:55:45Z",83,1,180,"-","namibia",10918,120,8749
"Nepal","NP","2020-09-28T02:55:45Z",1207,8,1147,"-","nepal",71821,467,53013
"Netherlands","NL","2020-09-28T02:55:45Z",2713,38,0,"-","netherlands",108631,6366,0
"New Zealand","NZ","2020-09-28T02:55:45Z",2,0,4,"-","new-zealand",1833,25,1749
"Nicaragua","NI","2020-09-28T02:55:45Z",0,0,0,"-","nicaragua",5073,149,2913
"Niger","NE","2020-09-28T02:55:45Z",0,0,0,"-","niger",1194,69,1107
"Nigeria","NG","2020-09-28T02:55:45Z",136,3,116,"-","nigeria",58198,1106,49722
"Norway","NO","2020-09-28T02:55:45Z",82,0,819,"-","norway",13627,270,11190
"Oman","OM","2020-09-28T02:55:45Z",0,0,0,"-","oman",95907,885,86765
"Pakistan","PK","2020-09-28T02:55:45Z",694,6,280,"-","pakistan",310275,6457,295613
"Palestinian Territory","PS","2020-09-28T02:55:45Z",290,7,521,"-","palestine",38253,285,27704
"Panama","PA","2020-09-28T02:55:45Z",677,12,638,"-","panama",110108,2323,86796
"Papua New Guinea","PG","2020-09-28T02:55:45Z",0,0,0,"-","papua-new-guinea",532,7,516
"Paraguay","PY","2020-09-28T02:55:45Z",696,21,640,"-","paraguay",37922,782,21757
"Peru","PE","2020-09-28T02:55:45Z",0,0,21347,"-","peru",794584,32037,657836
"Philippines","PH","2020-09-28T02:55:45Z",1895,88,507,"-","philippines",301256,5284,232906
"Poland","PL","2020-09-28T02:55:45Z",1584,32,586,"-","poland",85980,2424,67326
"Portugal","PT","2020-09-28T02:55:45Z",884,8,377,"-","portugal",72939,1944,47380
"Qatar","QA","2020-09-28T02:55:45Z",200,2,226,"-","qatar",124850,214,121738
"Republic of Kosovo","XK","2020-09-28T02:55:45Z",0,0,0,"-","kosovo",12683,488,8788
"Romania","RO","2020-09-28T02:55:45Z",1552,54,1396,"-","romania",121235,4687,97554
"Russian Federation","RU","2020-09-28T02:55:45Z",7421,167,5926,"-","russia",1138509,20140,936881
"Rwanda","RW","2020-09-28T02:55:45Z",13,0,11,"-","rwanda",4811,29,3091
"Réunion","RE","2020-09-28T02:55:45Z",0,0,0,"-","réunion",0,0,0
"Saint Kitts and Nevis","KN","2020-09-28T02:55:45Z",0,0,0,"-","saint-kitts-and-nevis",19,0,17
"Saint Lucia","LC","2020-09-28T02:55:45Z",0,0,0,"-","saint-lucia",27,0,27
"Saint Vincent and Grenadines","VC","2020-09-28T02:55:45Z",0,0,0,"-","saint-vincent-and-the-grenadines",64,0,64
"San Marino","SM","2020-09-28T02:55:45Z",0,0,0,"-","san-marino",727,42,676
"Sao Tome and Principe","ST","2020-09-28T02:55:45Z",0,0,2,"-","sao-tome-and-principe",911,15,883
"Saudi Arabia","SA","2020-09-28T02:55:45Z",461,30,769,"-","saudi-arabia",332790,4655,316405
"Senegal","SN","2020-09-28T02:55:45Z",30,2,118,"-","senegal",14869,306,12028
"Serbia","RS","2020-09-28T02:55:45Z",74,0,0,"-","serbia",33312,746,0
"Seychelles","SC","2020-09-28T02:55:45Z",0,0,0,"-","seychelles",143,0,140
"Sierra Leone","SL","2020-09-28T02:55:45Z",9,0,1,"-","sierra-leone",2208,72,1679
"Singapore","SG","2020-09-28T02:55:45Z",20,0,18,"-","singapore",57685,27,57359
"Slovakia","SK","2020-09-28T02:55:45Z",552,3,62,"-","slovakia",8600,44,4098
"Slovenia","SI","2020-09-28T02:55:45Z",184,1,104,"-","slovenia",5191,146,3457
"Somalia","SO","2020-09-28T02:55:45Z",123,1,66,"-","somalia",3588,99,2943
"South Africa","ZA","2020-09-28T02:55:45Z",969,64,2669,"-","south-africa",669498,16376,601818
"South Sudan","SS","2020-09-28T02:55:45Z",0,0,0,"-","south-sudan",2676,49,1290
"Spain","ES","2020-09-28T02:55:45Z",0,0,0,"-","spain",716481,31232,150376
"Sri Lanka","LK","2020-09-28T02:55:45Z",4,0,28,"-","sri-lanka",3349,13,3186
"Sudan","SD","2020-09-28T02:55:45Z",14,0,0,"-","sudan",13606,836,6764
"Suriname","SR","2020-09-28T02:55:45Z",14,0,24,"-","suriname",4831,102,4620
"Swaziland","SZ","2020-09-28T02:55:45Z",20,0,35,"-","swaziland",5419,108,4802
"Sweden","SE","2020-09-28T02:55:45Z",0,0,0,"-","sweden",90923,5880,0
"Switzerland","CH","2020-09-28T02:55:45Z",0,0,0,"-","switzerland",51864,2064,42600
"Syrian Arab Republic (Syria)","SY","2020-09-28T02:55:45Z",37,3,20,"-","syria",4038,188,1048
"Taiwan, Republic of China","TW","2020-09-28T02:55:45Z",0,0,0,"-","taiwan",510,7,480
"Tajikistan","TJ","2020-09-28T02:55:45Z",43,1,44,"-","tajikistan",9605,75,8385
"Tanzania, United Republic of","TZ","2020-09-28T02:55:45Z",0,0,0,"-","tanzania",509,21,183
"Thailand","TH","2020-09-28T02:55:45Z",1,0,5,"-","thailand",3523,59,3367
"Timor-Leste","TL","2020-09-28T02:55:45Z",0,0,0,"-","timor-leste",27,0,27
"Togo","TG","2020-09-28T02:55:45Z",14,2,7,"-","togo",1736,46,1319
"Trinidad and Tobago","TT","2020-09-28T02:55:45Z",35,0,63,"-","trinidad-and-tobago",4312,70,2185
"Tunisia","TN","2020-09-28T02:55:45Z",0,0,0,"-","tunisia",14392,191,5032
"Turkey","TR","2020-09-28T02:55:45Z",1511,71,1232,"-","turkey",312966,7929,274514
"Uganda","UG","2020-09-28T02:55:45Z",146,0,36,"-","uganda",7364,71,3647
"Ukraine","UA","2020-09-28T02:55:45Z",3935,78,1818,"-","ukraine",200566,3988,90142
"United Arab Emirates","AE","2020-09-28T02:55:45Z",1078,2,857,"-","united-arab-emirates",90618,411,79676
"United Kingdom","GB","2020-09-28T02:55:45Z",6050,35,30,"-","united-kingdom",431817,42060,2333
"United States of America","US","2020-09-28T02:55:45Z",45377,740,23124,"-","united-states",7078089,204490,2750459
"Uruguay","UY","2020-09-28T02:55:45Z",31,0,6,"-","uruguay",1998,47,1716
"Uzbekistan","UZ","2020-09-28T02:55:45Z",427,3,443,"-","uzbekistan",54819,452,51322
"Venezuela (Bolivarian Republic)","VE","2020-09-28T02:55:45Z",667,9,819,"-","venezuela",71940,600,61528
"Viet Nam","VN","2020-09-28T02:55:45Z",0,0,0,"-","vietnam",1069,35,999
"Western Sahara","EH","2020-09-28T02:55:45Z",0,0,0,"-","western-sahara",10,1,8
"Yemen","YE","2020-09-28T02:55:45Z",1,0,5,"-","yemen",2030,587,1260
"Zambia","ZM","2020-09-28T02:55:45Z",97,0,84,"-","zambia",14612,332,13727
"Zimbabwe","ZW","2020-09-28T02:55:45Z",16,0,10,"-","zimbabwe",7803,227,6067
